FECHA HECHO,COD_DEPTO,DEPARTAMENTO,COD_MUNI,MUNICIPIO,ZONA,CANTIDAD
03/01/2003,76,VALLE DEL CAUCA,76001,CALI,URBANA,4
03/01/2003,81,ARAUCA,81794,TAME,URBANA,5
09/01/2003,81,ARAUCA,81300,FORTUL,RURAL,4
15/01/2003,05,ANTIOQUIA,05649,SAN CARLOS,RURAL,4
16/01/2003,05,ANTIOQUIA,05001,MEDELLIN,URBANA,4
16/01/2003,05,ANTIOQUIA,05649,SAN CARLOS,RURAL,11
18/01/2003,05,ANTIOQUIA,05001,MEDELLIN,URBANA,4
18/01/2003,05,ANTIOQUIA,05604,REMEDIOS,RURAL,4
18/01/2003,11,BOGOTÁ D.C.,11001,"BOGOTA, D.C.",URBANA,4
18/01/2003,20,CESAR,20228,CURUMANI,RURAL,4
22/01/2003,05,ANTIOQUIA,05001,MEDELLIN,URBANA,4
22/01/2003,76,VALLE DEL CAUCA,76306,GINEBRA,RURAL,4
23/01/2003,15,BOYACÁ,15516,PAIPA,URBANA,4
24/01/2003,23,CÓRDOBA,23182,CHINU,RURAL,4
07/02/2003,11,BOGOTÁ D.C.,11001,"BOGOTA, D.C.",URBANA,35
08/02/2003,76,VALLE DEL CAUCA,76233,DAGUA,RURAL,7
11/02/2003,73,TOLIMA,73055,ARMERO,RURAL,12
13/02/2003,13,BOLÍVAR,13001,CARTAGENA,URBANA,4
15/02/2003,52,NARIÑO,52788,TANGUA,RURAL,4
21/02/2003,25,CUNDINAMARCA,25290,FUSAGASUGA,RURAL,7
26/02/2003,66,RISARALDA,66170,DOSQUEBRADAS,URBANA,4
28/02/2003,25,CUNDINAMARCA,25372,JUNIN,RURAL,5
05/03/2003,54,NORTE DE SANTANDER,54001,CUCUTA,URBANA,13
25/03/2003,76,VALLE DEL CAUCA,76834,TULUA,RURAL,4
27/03/2003,66,RISARALDA,66456,MISTRATO,URBANA,5
27/03/2003,73,TOLIMA,73055,ARMERO,RURAL,6
02/04/2003,68,SANTANDER,68780,SURATA,RURAL,6
02/04/2003,76,VALLE DEL CAUCA,76318,GUACARI,RURAL,5
05/04/2003,05,ANTIOQUIA,05001,MEDELLIN,URBANA,4
13/04/2003,54,NORTE DE SANTANDER,54223,CUCUTILLA,RURAL,4
14/04/2003,85,CASANARE,85001,YOPAL,URBANA,4
27/04/2003,25,CUNDINAMARCA,25328,GUAYABAL DE SIQUIMA,RURAL,5
27/04/2003,76,VALLE DEL CAUCA,76001,CALI,URBANA,4
28/04/2003,76,VALLE DEL CAUCA,76109,BUENAVENTURA,RURAL,5
28/04/2003,81,ARAUCA,81794,TAME,RURAL,4
03/05/2003,25,CUNDINAMARCA,25612,RICAURTE,RURAL,6
03/05/2003,25,CUNDINAMARCA,25743,SILVANIA,RURAL,6
03/05/2003,81,ARAUCA,81794,TAME,RURAL,4
05/05/2003,05,ANTIOQUIA,05847,URRAO,RURAL,10
21/05/2003,08,ATLÁNTICO,08433,MALAMBO,RURAL,4
23/05/2003,05,ANTIOQUIA,05887,YARUMAL,RURAL,4
25/05/2003,18,CAQUETÁ,18592,PUERTO RICO,RURAL,5
02/06/2003,05,ANTIOQUIA,05313,GRANADA,URBANA,4
13/06/2003,25,CUNDINAMARCA,25878,VIOTA,RURAL,4
15/06/2003,76,VALLE DEL CAUCA,76109,BUENAVENTURA,RURAL,6
28/06/2003,17,CALDAS,17662,SAMANA,URBANA,4
29/06/2003,76,VALLE DEL CAUCA,76109,BUENAVENTURA,URBANA,5
04/07/2003,76,VALLE DEL CAUCA,76109,BUENAVENTURA,URBANA,4
05/07/2003,76,VALLE DEL CAUCA,76233,DAGUA,RURAL,6
07/07/2003,19,CAUCA,19397,LA VEGA,RURAL,4
10/07/2003,20,CESAR,20001,VALLEDUPAR,RURAL,4
10/07/2003,63,QUINDÍO,63001,ARMENIA,URBANA,5
13/07/2003,44,LA GUAJIRA,44430,MAICAO,RURAL,4
22/07/2003,81,ARAUCA,81736,SARAVENA,URBANA,4
29/07/2003,05,ANTIOQUIA,05679,SANTA BARBARA,RURAL,8
03/08/2003,54,NORTE DE SANTANDER,54001,CUCUTA,URBANA,5
04/08/2003,15,BOYACÁ,15516,PAIPA,RURAL,4
08/08/2003,81,ARAUCA,81736,SARAVENA,URBANA,5
12/08/2003,70,SUCRE,70001,SINCELEJO,RURAL,5
13/08/2003,19,CAUCA,19532,PATIA,RURAL,5
20/08/2003,25,CUNDINAMARCA,25754,SOACHA,URBANA,5
22/08/2003,47,MAGDALENA,47001,SANTA MARTA,RURAL,5
24/08/2003,50,META,50590,PUERTO RICO,URBANA,4
28/08/2003,81,ARAUCA,81794,TAME,RURAL,4
11/09/2003,11,BOGOTÁ D.C.,11001,"BOGOTA, D.C.",URBANA,4
21/09/2003,76,VALLE DEL CAUCA,76001,CALI,URBANA,4
27/09/2003,52,NARIÑO,52356,IPIALES,RURAL,4
28/09/2003,18,CAQUETÁ,18001,FLORENCIA,URBANA,9
03/10/2003,17,CALDAS,17653,SALAMINA,RURAL,4
08/10/2003,11,BOGOTÁ D.C.,11001,"BOGOTA, D.C.",URBANA,8
13/10/2003,76,VALLE DEL CAUCA,76001,CALI,URBANA,7
20/10/2003,76,VALLE DEL CAUCA,76233,DAGUA,RURAL,5
22/10/2003,86,PUTUMAYO,86320,ORITO,RURAL,8
25/10/2003,05,ANTIOQUIA,05887,YARUMAL,URBANA,6
03/11/2003,50,META,50590,PUERTO RICO,RURAL,7
06/11/2003,44,LA GUAJIRA,44078,BARRANCAS,RURAL,4
08/11/2003,44,LA GUAJIRA,44430,MAICAO,URBANA,4
10/11/2003,50,META,50400,LEJANIAS,URBANA,4
11/11/2003,73,TOLIMA,73124,CAJAMARCA,RURAL,4
16/11/2003,70,SUCRE,70235,GALERAS,RURAL,4
17/11/2003,76,VALLE DEL CAUCA,76001,CALI,URBANA,5
19/11/2003,15,BOYACÁ,15180,CHISCAS,RURAL,5
27/11/2003,17,CALDAS,17001,MANIZALES,URBANA,4
30/11/2003,05,ANTIOQUIA,05001,MEDELLIN,URBANA,5
04/12/2003,41,HUILA,41668,SAN AGUSTIN,RURAL,4
06/12/2003,25,CUNDINAMARCA,25290,FUSAGASUGA,URBANA,4
07/12/2003,25,CUNDINAMARCA,25290,FUSAGASUGA,URBANA,4
09/12/2003,25,CUNDINAMARCA,25286,FUNZA,RURAL,7
12/12/2003,25,CUNDINAMARCA,25307,GIRARDOT,URBANA,4
12/12/2003,76,VALLE DEL CAUCA,76001,CALI,URBANA,5
17/12/2003,76,VALLE DEL CAUCA,76520,PALMIRA,URBANA,4
22/12/2003,25,CUNDINAMARCA,25307,GIRARDOT,URBANA,4
25/12/2003,52,NARIÑO,52001,PASTO,URBANA,4
30/12/2003,05,ANTIOQUIA,05001,MEDELLIN,URBANA,5
06/01/2004,54,NORTE DE SANTANDER,54250,EL TARRA,RURAL,4
08/01/2004,17,CALDAS,17272,FILADELFIA,RURAL,8
12/01/2004,05,ANTIOQUIA,05044,ANZA,RURAL,5
14/01/2004,76,VALLE DEL CAUCA,76001,CALI,URBANA,4
14/01/2004,85,CASANARE,85001,YOPAL,URBANA,5
16/01/2004,05,ANTIOQUIA,05129,CALDAS,URBANA,4
20/01/2004,19,CAUCA,19212,CORINTO,RURAL,4
22/01/2004,76,VALLE DEL CAUCA,76834,TULUA,URBANA,5
25/01/2004,76,VALLE DEL CAUCA,76892,YUMBO,RURAL,6
27/01/2004,85,CASANARE,85001,YOPAL,URBANA,4
07/02/2004,76,VALLE DEL CAUCA,76001,CALI,URBANA,4
10/02/2004,85,CASANARE,85250,PAZ DE ARIPORO,RURAL,5
16/02/2004,19,CAUCA,19318,GUAPI,RURAL,5
22/02/2004,50,META,50001,VILLAVICENCIO,URBANA,4
26/02/2004,05,ANTIOQUIA,05055,ARGELIA,RURAL,6
27/02/2004,41,HUILA,41807,TIMANA,RURAL,4
29/03/2004,05,ANTIOQUIA,05660,SAN LUIS,RURAL,4
31/03/2004,50,META,50590,PUERTO RICO,RURAL,5
03/04/2004,05,ANTIOQUIA,05313,GRANADA,RURAL,4
02/05/2004,44,LA GUAJIRA,44090,DIBULLA,RURAL,4
11/05/2004,50,META,50251,EL CASTILLO,RURAL,4
20/05/2004,05,ANTIOQUIA,05001,MEDELLIN,URBANA,4
21/05/2004,76,VALLE DEL CAUCA,76364,JAMUNDI,RURAL,4
22/05/2004,76,VALLE DEL CAUCA,76250,EL DOVIO,RURAL,4
24/05/2004,05,ANTIOQUIA,05197,COCORNA,RURAL,4
26/05/2004,19,CAUCA,19256,EL TAMBO,RURAL,4
15/06/2004,54,NORTE DE SANTANDER,54810,TIBU,URBANA,34
20/06/2004,85,CASANARE,85001,YOPAL,URBANA,5
29/06/2004,76,VALLE DEL CAUCA,76126,CALIMA,RURAL,4
05/07/2004,76,VALLE DEL CAUCA,76001,CALI,URBANA,4
10/07/2004,05,ANTIOQUIA,05649,SAN CARLOS,RURAL,7
12/07/2004,27,CHOCÓ,27491,NOVITA,RURAL,5
11/08/2004,54,NORTE DE SANTANDER,54810,TIBU,RURAL,9
29/08/2004,86,PUTUMAYO,86001,MOCOA,RURAL,4
30/08/2004,05,ANTIOQUIA,05308,GIRARDOTA,URBANA,4
30/08/2004,76,VALLE DEL CAUCA,76364,JAMUNDI,RURAL,6
01/09/2004,11,BOGOTÁ D.C.,11001,"BOGOTA, D.C.",URBANA,4
02/09/2004,73,TOLIMA,73226,CUNDAY,RURAL,4
09/09/2004,50,META,50001,VILLAVICENCIO,URBANA,7
19/09/2004,05,ANTIOQUIA,05649,SAN CARLOS,RURAL,4
03/10/2004,76,VALLE DEL CAUCA,76130,CANDELARIA,RURAL,9
08/10/2004,70,SUCRE,70204,COLOSO,URBANA,5
09/10/2004,15,BOYACÁ,15681,SAN PABLO DE BORBUR,RURAL,5
30/10/2004,50,META,50001,VILLAVICENCIO,URBANA,4
16/12/2004,15,BOYACÁ,15681,SAN PABLO DE BORBUR,RURAL,5
31/12/2004,81,ARAUCA,81794,TAME,RURAL,16
02/01/2005,85,CASANARE,85139,MANI,RURAL,4
12/01/2005,44,LA GUAJIRA,44001,RIOHACHA,URBANA,4
18/01/2005,19,CAUCA,19100,BOLIVAR,URBANA,4
24/01/2005,86,PUTUMAYO,86568,PUERTO ASIS,RURAL,4
29/01/2005,05,ANTIOQUIA,05649,SAN CARLOS,RURAL,7
03/02/2005,52,NARIÑO,52079,BARBACOAS,URBANA,4
03/02/2005,76,VALLE DEL CAUCA,76109,BUENAVENTURA,URBANA,5
07/02/2005,19,CAUCA,19212,CORINTO,RURAL,4
13/02/2005,76,VALLE DEL CAUCA,76001,CALI,URBANA,4
13/02/2005,76,VALLE DEL CAUCA,76109,BUENAVENTURA,URBANA,4
26/02/2005,52,NARIÑO,52079,BARBACOAS,RURAL,6
26/02/2005,52,NARIÑO,52835,SAN ANDRES DE TUMACO,RURAL,4
06/03/2005,19,CAUCA,19130,CAJIBIO,RURAL,7
11/03/2005,68,SANTANDER,68081,BARRANCABERMEJA,RURAL,4
12/03/2005,76,VALLE DEL CAUCA,76895,ZARZAL,RURAL,5
18/03/2005,76,VALLE DEL CAUCA,76113,BUGALAGRANDE,RURAL,7
07/04/2005,76,VALLE DEL CAUCA,76403,LA VICTORIA,URBANA,4
21/04/2005,76,VALLE DEL CAUCA,76109,BUENAVENTURA,RURAL,12
24/04/2005,11,BOGOTÁ D.C.,11001,"BOGOTA, D.C.",URBANA,4
30/04/2005,50,META,50001,VILLAVICENCIO,URBANA,4
20/05/2005,76,VALLE DEL CAUCA,76890,YOTOCO,URBANA,4
21/05/2005,17,CALDAS,17541,PENSILVANIA,RURAL,4
24/05/2005,18,CAQUETÁ,18592,PUERTO RICO,URBANA,6
28/05/2005,76,VALLE DEL CAUCA,76126,CALIMA,RURAL,4
30/05/2005,76,VALLE DEL CAUCA,76834,TULUA,URBANA,7
20/06/2005,76,VALLE DEL CAUCA,76736,SEVILLA,URBANA,5
09/07/2005,76,VALLE DEL CAUCA,76109,BUENAVENTURA,URBANA,6
10/07/2005,41,HUILA,41132,CAMPOALEGRE,URBANA,4
12/07/2005,76,VALLE DEL CAUCA,76041,ANSERMANUEVO,RURAL,11
17/07/2005,44,LA GUAJIRA,44001,RIOHACHA,RURAL,9
04/08/2005,41,HUILA,41551,PITALITO,RURAL,4
07/08/2005,52,NARIÑO,52835,SAN ANDRES DE TUMACO,RURAL,5
12/08/2005,76,VALLE DEL CAUCA,76497,OBANDO,URBANA,5
13/08/2005,18,CAQUETÁ,18460,MILAN,RURAL,6
15/08/2005,54,NORTE DE SANTANDER,54800,TEORAMA,RURAL,4
24/08/2005,05,ANTIOQUIA,05854,VALDIVIA,RURAL,14
28/08/2005,41,HUILA,41359,ISNOS,URBANA,5
30/08/2005,76,VALLE DEL CAUCA,76147,CARTAGO,URBANA,4
04/09/2005,25,CUNDINAMARCA,25430,MADRID,RURAL,4
11/09/2005,76,VALLE DEL CAUCA,76670,SAN PEDRO,URBANA,4
18/09/2005,20,CESAR,20001,VALLEDUPAR,URBANA,4
19/09/2005,54,NORTE DE SANTANDER,54673,SAN CAYETANO,RURAL,5
23/10/2005,52,NARIÑO,52835,SAN ANDRES DE TUMACO,RURAL,5
27/11/2005,05,ANTIOQUIA,05480,MUTATA,RURAL,5
30/11/2005,25,CUNDINAMARCA,25312,GRANADA,RURAL,4
05/12/2005,05,ANTIOQUIA,05079,BARBOSA,RURAL,4
07/12/2005,11,BOGOTÁ D.C.,11001,"BOGOTA, D.C.",URBANA,5
19/12/2005,11,BOGOTÁ D.C.,11001,"BOGOTA, D.C.",URBANA,4
23/01/2006,05,ANTIOQUIA,05034,ANDES,RURAL,5
24/01/2006,47,MAGDALENA,47189,CIENAGA,RURAL,4
28/01/2006,95,GUAVIARE,95001,SAN JOSE DEL GUAVIARE,RURAL,4
12/02/2006,05,ANTIOQUIA,05628,SABANALARGA,RURAL,6
23/02/2006,11,BOGOTÁ D.C.,11001,"BOGOTA, D.C.",URBANA,6
25/02/2006,18,CAQUETÁ,18592,PUERTO RICO,RURAL,9
25/02/2006,76,VALLE DEL CAUCA,76318,GUACARI,URBANA,4
27/02/2006,41,HUILA,41615,RIVERA,URBANA,9
20/03/2006,76,VALLE DEL CAUCA,76670,SAN PEDRO,RURAL,4
21/03/2006,13,BOLÍVAR,13001,CARTAGENA,URBANA,5
06/04/2006,52,NARIÑO,52079,BARBACOAS,RURAL,4
12/04/2006,76,VALLE DEL CAUCA,76520,PALMIRA,RURAL,4
01/05/2006,50,META,50330,MESETAS,RURAL,4
06/05/2006,52,NARIÑO,52678,SAMANIEGO,URBANA,5
13/05/2006,68,SANTANDER,68655,SABANA DE TORRES,RURAL,6
15/05/2006,41,HUILA,41132,CAMPOALEGRE,RURAL,4
23/05/2006,05,ANTIOQUIA,05360,ITAGUI,URBANA,4
05/06/2006,05,ANTIOQUIA,05001,MEDELLIN,URBANA,4
06/06/2006,68,SANTANDER,68081,BARRANCABERMEJA,URBANA,6
13/06/2006,52,NARIÑO,52835,SAN ANDRES DE TUMACO,RURAL,4
14/06/2006,52,NARIÑO,52490,OLAYA HERRERA,RURAL,10
21/06/2006,23,CÓRDOBA,23570,PUEBLO NUEVO,RURAL,5
01/07/2006,76,VALLE DEL CAUCA,76147,CARTAGO,URBANA,5
12/07/2006,27,CHOCÓ,27615,RIOSUCIO,RURAL,13
15/07/2006,27,CHOCÓ,27800,UNGUIA,RURAL,4
25/07/2006,76,VALLE DEL CAUCA,76109,BUENAVENTURA,RURAL,5
25/07/2006,76,VALLE DEL CAUCA,76126,CALIMA,URBANA,5
05/08/2006,66,RISARALDA,66170,DOSQUEBRADAS,URBANA,4
07/08/2006,05,ANTIOQUIA,05895,ZARAGOZA,RURAL,6
09/08/2006,52,NARIÑO,52079,BARBACOAS,URBANA,5
06/09/2006,50,META,50318,GUAMAL,RURAL,4
24/09/2006,23,CÓRDOBA,23419,LOS CORDOBAS,URBANA,4
06/10/2006,50,META,50223,CUBARRAL,RURAL,6
10/10/2006,52,NARIÑO,52036,ANCUYA,RURAL,4
04/11/2006,50,META,50573,PUERTO LOPEZ,RURAL,4
08/11/2006,05,ANTIOQUIA,05642,SALGAR,RURAL,4
26/12/2006,68,SANTANDER,68167,CHARALA,RURAL,4
02/01/2007,05,ANTIOQUIA,05887,YARUMAL,RURAL,4
09/02/2007,63,QUINDÍO,63130,CALARCA,RURAL,4
18/02/2007,52,NARIÑO,52411,LINARES,RURAL,4
22/02/2007,76,VALLE DEL CAUCA,76001,CALI,URBANA,4
27/02/2007,05,ANTIOQUIA,05045,APARTADO,URBANA,4
21/03/2007,25,CUNDINAMARCA,25839,UBALA,RURAL,4
16/05/2007,05,ANTIOQUIA,05837,TURBO,RURAL,4
27/05/2007,66,RISARALDA,66170,DOSQUEBRADAS,URBANA,4
02/06/2007,13,BOLÍVAR,13838,TURBANA,RURAL,4
03/06/2007,05,ANTIOQUIA,05237,DON MATIAS,RURAL,5
10/06/2007,18,CAQUETÁ,18753,SAN VICENTE DEL CAGUAN,RURAL,6
23/06/2007,47,MAGDALENA,47001,SANTA MARTA,URBANA,4
01/07/2007,25,CUNDINAMARCA,25878,VIOTA,RURAL,5
29/07/2007,47,MAGDALENA,47001,SANTA MARTA,URBANA,5
31/07/2007,13,BOLÍVAR,13458,MONTECRISTO,RURAL,4
04/08/2007,19,CAUCA,19290,FLORENCIA,RURAL,4
16/08/2007,25,CUNDINAMARCA,25148,CAPARRAPI,RURAL,4
22/08/2007,05,ANTIOQUIA,05837,TURBO,RURAL,6
26/08/2007,86,PUTUMAYO,86568,PUERTO ASIS,RURAL,9
29/08/2007,54,NORTE DE SANTANDER,54001,CUCUTA,URBANA,6
29/09/2007,63,QUINDÍO,63130,CALARCA,RURAL,4
01/10/2007,86,PUTUMAYO,86568,PUERTO ASIS,RURAL,8
17/10/2007,27,CHOCÓ,27361,ISTMINA,RURAL,6
30/11/2007,25,CUNDINAMARCA,25899,ZIPAQUIRA,URBANA,5
21/12/2007,19,CAUCA,19075,BALBOA,RURAL,6
29/12/2007,52,NARIÑO,52405,LEIVA,RURAL,5
07/01/2008,66,RISARALDA,66001,PEREIRA,RURAL,4
22/02/2008,44,LA GUAJIRA,44650,SAN JUAN DEL CESAR,RURAL,4
02/03/2008,44,LA GUAJIRA,44001,RIOHACHA,URBANA,4
18/03/2008,23,CÓRDOBA,23580,PUERTO LIBERTADOR,RURAL,4
26/03/2008,05,ANTIOQUIA,05837,TURBO,RURAL,5
12/04/2008,70,SUCRE,70001,SINCELEJO,URBANA,4
18/04/2008,05,ANTIOQUIA,05212,COPACABANA,RURAL,4
19/04/2008,76,VALLE DEL CAUCA,76736,SEVILLA,RURAL,4
02/05/2008,27,CHOCÓ,27077,BAJO BAUDO,RURAL,4
18/05/2008,11,BOGOTÁ D.C.,11001,"BOGOTA, D.C.",URBANA,4
26/05/2008,27,CHOCÓ,27250,EL LITORAL DEL SAN JUAN,RURAL,4
28/05/2008,25,CUNDINAMARCA,25645,SAN ANTONIO DEL TEQUENDAMA,RURAL,5
08/07/2008,05,ANTIOQUIA,05001,MEDELLIN,URBANA,4
12/07/2008,11,BOGOTÁ D.C.,11001,"BOGOTA, D.C.",URBANA,5
17/07/2008,05,ANTIOQUIA,05001,MEDELLIN,URBANA,4
21/07/2008,23,CÓRDOBA,23580,PUERTO LIBERTADOR,RURAL,5
04/08/2008,50,META,50683,SAN JUAN DE ARAMA,RURAL,4
09/08/2008,19,CAUCA,19256,EL TAMBO,RURAL,9
14/08/2008,05,ANTIOQUIA,05361,ITUANGO,URBANA,6
24/08/2008,54,NORTE DE SANTANDER,54001,CUCUTA,URBANA,4
01/09/2008,76,VALLE DEL CAUCA,76001,CALI,URBANA,4
24/09/2008,05,ANTIOQUIA,05001,MEDELLIN,URBANA,4
30/09/2008,76,VALLE DEL CAUCA,76892,YUMBO,RURAL,4
22/10/2008,18,CAQUETÁ,18256,EL PAUJIL,RURAL,4
31/10/2008,50,META,50711,VISTAHERMOSA,RURAL,6
08/11/2008,44,LA GUAJIRA,44430,MAICAO,URBANA,6
09/11/2008,23,CÓRDOBA,23682,SAN JOSE DE URE,RURAL,5
10/11/2008,52,NARIÑO,52678,SAMANIEGO,URBANA,5
19/11/2008,05,ANTIOQUIA,05895,ZARAGOZA,RURAL,5
25/11/2008,23,CÓRDOBA,23672,SAN ANTERO,RURAL,5
27/11/2008,50,META,50683,SAN JUAN DE ARAMA,RURAL,5
01/12/2008,13,BOLÍVAR,13001,CARTAGENA,URBANA,4
14/12/2008,27,CHOCÓ,27430,MEDIO BAUDO,RURAL,4
17/12/2008,23,CÓRDOBA,23672,SAN ANTERO,RURAL,4
25/12/2008,81,ARAUCA,81065,ARAUQUITA,RURAL,5
28/12/2008,50,META,50001,VILLAVICENCIO,URBANA,4
28/12/2008,52,NARIÑO,52699,SANTACRUZ,RURAL,4
03/01/2009,05,ANTIOQUIA,05579,PUERTO BERRIO,URBANA,4
13/01/2009,52,NARIÑO,52621,ROBERTO PAYAN,URBANA,5
23/01/2009,76,VALLE DEL CAUCA,76400,LA UNION,RURAL,4
24/01/2009,76,VALLE DEL CAUCA,76111,GUADALAJARA DE BUGA,RURAL,5
18/02/2009,52,NARIÑO,52835,SAN ANDRES DE TUMACO,RURAL,6
01/03/2009,19,CAUCA,19532,PATIA,RURAL,6
13/03/2009,05,ANTIOQUIA,05361,ITUANGO,RURAL,4
19/03/2009,05,ANTIOQUIA,05079,BARBOSA,RURAL,4
03/04/2009,05,ANTIOQUIA,05001,MEDELLIN,URBANA,4
07/04/2009,05,ANTIOQUIA,05001,MEDELLIN,URBANA,6
28/04/2009,54,NORTE DE SANTANDER,54599,RAGONVALIA,RURAL,6
03/05/2009,19,CAUCA,19100,BOLIVAR,RURAL,5
06/05/2009,52,NARIÑO,52835,SAN ANDRES DE TUMACO,RURAL,6
15/05/2009,70,SUCRE,70708,SAN MARCOS,RURAL,4
24/05/2009,05,ANTIOQUIA,05631,SABANETA,URBANA,4
15/06/2009,05,ANTIOQUIA,05001,MEDELLIN,URBANA,4
07/08/2009,05,ANTIOQUIA,05266,ENVIGADO,URBANA,4
08/08/2009,05,ANTIOQUIA,05266,ENVIGADO,URBANA,5
26/08/2009,05,ANTIOQUIA,05001,MEDELLIN,URBANA,4
26/08/2009,52,NARIÑO,52835,SAN ANDRES DE TUMACO,RURAL,12
13/09/2009,15,BOYACÁ,15861,VENTAQUEMADA,RURAL,5
11/10/2009,81,ARAUCA,81794,TAME,RURAL,4
13/10/2009,05,ANTIOQUIA,05885,YALI,RURAL,4
28/10/2009,52,NARIÑO,52835,SAN ANDRES DE TUMACO,RURAL,4
12/11/2009,52,NARIÑO,52079,BARBACOAS,RURAL,8
20/11/2009,52,NARIÑO,52612,RICAURTE,RURAL,6
29/11/2009,76,VALLE DEL CAUCA,76001,CALI,URBANA,6
01/12/2009,11,BOGOTÁ D.C.,11001,"BOGOTA, D.C.",URBANA,4
20/12/2009,52,NARIÑO,52560,POTOSI,RURAL,4
04/01/2010,95,GUAVIARE,95001,SAN JOSE DEL GUAVIARE,RURAL,4
10/01/2010,17,CALDAS,17877,VITERBO,RURAL,4
13/01/2010,52,NARIÑO,52835,SAN ANDRES DE TUMACO,RURAL,5
16/01/2010,08,ATLÁNTICO,08001,BARRANQUILLA,URBANA,4
16/01/2010,68,SANTANDER,68575,PUERTO WILCHES,RURAL,4
27/01/2010,86,PUTUMAYO,86568,PUERTO ASIS,URBANA,5
27/02/2010,63,QUINDÍO,63470,MONTENEGRO,URBANA,4
22/03/2010,23,CÓRDOBA,23580,PUERTO LIBERTADOR,RURAL,7
24/03/2010,76,VALLE DEL CAUCA,76109,BUENAVENTURA,URBANA,5
04/04/2010,23,CÓRDOBA,23001,MONTERIA,URBANA,4
08/04/2010,19,CAUCA,19780,SUAREZ,RURAL,8
26/04/2010,05,ANTIOQUIA,05154,CAUCASIA,RURAL,4
06/05/2010,20,CESAR,20001,VALLEDUPAR,URBANA,4
27/05/2010,05,ANTIOQUIA,05154,CAUCASIA,RURAL,6
01/06/2010,81,ARAUCA,81065,ARAUQUITA,RURAL,9
29/06/2010,23,CÓRDOBA,23466,MONTELIBANO,RURAL,4
02/07/2010,05,ANTIOQUIA,05266,ENVIGADO,URBANA,8
05/07/2010,05,ANTIOQUIA,05190,CISNEROS,URBANA,4
07/07/2010,05,ANTIOQUIA,05842,URAMITA,RURAL,7
12/07/2010,18,CAQUETÁ,18410,LA MONTAÑITA,RURAL,4
19/07/2010,23,CÓRDOBA,23079,BUENAVISTA,RURAL,6
30/07/2010,05,ANTIOQUIA,05001,MEDELLIN,URBANA,4
02/08/2010,05,ANTIOQUIA,05001,MEDELLIN,URBANA,4
02/08/2010,11,BOGOTÁ D.C.,11001,"BOGOTA, D.C.",URBANA,4
22/08/2010,76,VALLE DEL CAUCA,76001,CALI,URBANA,5
04/09/2010,05,ANTIOQUIA,05318,GUARNE,RURAL,4
05/09/2010,05,ANTIOQUIA,05129,CALDAS,RURAL,4
19/09/2010,05,ANTIOQUIA,05001,MEDELLIN,URBANA,5
01/10/2010,52,NARIÑO,52250,EL CHARCO,URBANA,5
05/10/2010,44,LA GUAJIRA,44430,MAICAO,URBANA,4
10/10/2010,23,CÓRDOBA,23189,CIENAGA DE ORO,RURAL,4
06/11/2010,81,ARAUCA,81736,SARAVENA,RURAL,4
08/11/2010,23,CÓRDOBA,23417,LORICA,URBANA,4
08/11/2010,52,NARIÑO,52079,BARBACOAS,RURAL,4
10/11/2010,52,NARIÑO,52835,SAN ANDRES DE TUMACO,RURAL,4
14/11/2010,23,CÓRDOBA,23466,MONTELIBANO,RURAL,6
17/11/2010,20,CESAR,20621,LA PAZ,RURAL,4
08/12/2010,76,VALLE DEL CAUCA,76001,CALI,URBANA,4
31/01/2011,52,NARIÑO,52838,TUQUERRES,RURAL,5
06/02/2011,11,BOGOTÁ D.C.,11001,"BOGOTA, D.C.",URBANA,4
09/02/2011,05,ANTIOQUIA,05001,MEDELLIN,RURAL,4
09/02/2011,05,ANTIOQUIA,05541,PEÑOL,RURAL,4
11/02/2011,86,PUTUMAYO,86757,SAN MIGUEL,RURAL,5
28/02/2011,76,VALLE DEL CAUCA,76111,GUADALAJARA DE BUGA,URBANA,4
04/03/2011,50,META,50001,VILLAVICENCIO,RURAL,4
11/03/2011,05,ANTIOQUIA,05001,MEDELLIN,URBANA,4
14/03/2011,05,ANTIOQUIA,05390,LA PINTADA,URBANA,4
20/03/2011,50,META,50001,VILLAVICENCIO,URBANA,4
20/03/2011,66,RISARALDA,66572,PUEBLO RICO,RURAL,6
01/04/2011,05,ANTIOQUIA,05001,MEDELLIN,URBANA,5
19/04/2011,05,ANTIOQUIA,05001,MEDELLIN,URBANA,4
30/04/2011,05,ANTIOQUIA,05001,MEDELLIN,URBANA,5
22/05/2011,05,ANTIOQUIA,05197,COCORNA,RURAL,4
31/05/2011,50,META,50001,VILLAVICENCIO,URBANA,6
07/06/2011,54,NORTE DE SANTANDER,54874,VILLA DEL ROSARIO,URBANA,5
18/06/2011,54,NORTE DE SANTANDER,54874,VILLA DEL ROSARIO,URBANA,4
20/06/2011,76,VALLE DEL CAUCA,76001,CALI,URBANA,4
24/06/2011,05,ANTIOQUIA,05541,PEÑOL,RURAL,4
25/06/2011,52,NARIÑO,52203,COLON,RURAL,8
02/07/2011,18,CAQUETÁ,18592,PUERTO RICO,RURAL,7
06/07/2011,23,CÓRDOBA,23466,MONTELIBANO,URBANA,4
19/07/2011,05,ANTIOQUIA,05895,ZARAGOZA,RURAL,4
07/08/2011,23,CÓRDOBA,23807,TIERRALTA,RURAL,4
19/08/2011,76,VALLE DEL CAUCA,76113,BUGALAGRANDE,RURAL,6
25/08/2011,76,VALLE DEL CAUCA,76001,CALI,URBANA,4
03/09/2011,76,VALLE DEL CAUCA,76892,YUMBO,URBANA,4
25/09/2011,23,CÓRDOBA,23672,SAN ANTERO,URBANA,5
07/10/2011,19,CAUCA,19100,BOLIVAR,RURAL,4
08/10/2011,05,ANTIOQUIA,05120,CACERES,RURAL,6
17/10/2011,76,VALLE DEL CAUCA,76563,PRADERA,URBANA,5
01/11/2011,05,ANTIOQUIA,05440,MARINILLA,RURAL,5
01/11/2011,08,ATLÁNTICO,08758,SOLEDAD,URBANA,4
04/12/2011,05,ANTIOQUIA,05001,MEDELLIN,URBANA,4
20/12/2011,05,ANTIOQUIA,05604,REMEDIOS,RURAL,4
30/12/2011,15,BOYACÁ,15469,MONIQUIRA,URBANA,4
13/02/2012,76,VALLE DEL CAUCA,76246,EL CAIRO,RURAL,4
29/02/2012,44,LA GUAJIRA,44001,RIOHACHA,RURAL,4
16/03/2012,19,CAUCA,19698,SANTANDER DE QUILICHAO,RURAL,5
28/03/2012,05,ANTIOQUIA,05172,CHIGORODO,RURAL,7
12/04/2012,11,BOGOTÁ D.C.,11001,"BOGOTA, D.C.",URBANA,4
12/04/2012,18,CAQUETÁ,18150,CARTAGENA DEL CHAIRA,RURAL,4
26/04/2012,76,VALLE DEL CAUCA,76275,FLORIDA,RURAL,5
03/06/2012,05,ANTIOQUIA,05604,REMEDIOS,RURAL,5
12/06/2012,23,CÓRDOBA,23555,PLANETA RICA,RURAL,4
17/06/2012,05,ANTIOQUIA,05001,MEDELLIN,URBANA,4
17/06/2012,99,VICHADA,99773,CUMARIBO,RURAL,5
20/06/2012,52,NARIÑO,52612,RICAURTE,RURAL,4
25/06/2012,18,CAQUETÁ,18205,CURILLO,URBANA,6
01/07/2012,52,NARIÑO,52835,SAN ANDRES DE TUMACO,RURAL,5
26/07/2012,05,ANTIOQUIA,05001,MEDELLIN,URBANA,5
31/07/2012,19,CAUCA,19698,SANTANDER DE QUILICHAO,URBANA,4
05/08/2012,11,BOGOTÁ D.C.,11001,"BOGOTA, D.C.",URBANA,4
07/08/2012,47,MAGDALENA,47460,NUEVA GRANADA,RURAL,4
27/08/2012,19,CAUCA,19212,CORINTO,RURAL,4
04/09/2012,05,ANTIOQUIA,05736,SEGOVIA,RURAL,4
23/09/2012,76,VALLE DEL CAUCA,76001,CALI,URBANA,4
29/09/2012,66,RISARALDA,66045,APIA,RURAL,4
04/10/2012,05,ANTIOQUIA,05002,ABEJORRAL,RURAL,4
17/10/2012,05,ANTIOQUIA,05318,GUARNE,RURAL,4
17/10/2012,76,VALLE DEL CAUCA,76622,ROLDANILLO,RURAL,4
29/10/2012,76,VALLE DEL CAUCA,76111,GUADALAJARA DE BUGA,RURAL,4
07/11/2012,05,ANTIOQUIA,05686,SANTA ROSA DE OSOS,RURAL,10
10/11/2012,05,ANTIOQUIA,05001,MEDELLIN,URBANA,4
11/11/2012,05,ANTIOQUIA,05656,SAN JERONIMO,RURAL,4
16/11/2012,05,ANTIOQUIA,05670,SAN ROQUE,RURAL,5
09/12/2012,50,META,50001,VILLAVICENCIO,URBANA,5
23/12/2012,76,VALLE DEL CAUCA,76001,CALI,URBANA,4
31/12/2012,05,ANTIOQUIA,05266,ENVIGADO,URBANA,9
06/01/2013,11,BOGOTÁ D.C.,11001,"BOGOTA, D.C.",URBANA,5
27/01/2013,05,ANTIOQUIA,05895,ZARAGOZA,RURAL,4
27/01/2013,76,VALLE DEL CAUCA,76001,CALI,URBANA,4
11/02/2013,05,ANTIOQUIA,05250,EL BAGRE,RURAL,5
18/02/2013,05,ANTIOQUIA,05079,BARBOSA,RURAL,4
01/04/2013,05,ANTIOQUIA,05001,MEDELLIN,URBANA,4
22/04/2013,52,NARIÑO,52835,SAN ANDRES DE TUMACO,RURAL,4
30/04/2013,05,ANTIOQUIA,05670,SAN ROQUE,RURAL,4
01/05/2013,76,VALLE DEL CAUCA,76400,LA UNION,URBANA,5
11/05/2013,08,ATLÁNTICO,08421,LURUACO,URBANA,4
19/05/2013,76,VALLE DEL CAUCA,76001,CALI,URBANA,4
21/05/2013,68,SANTANDER,68689,SAN VICENTE DE CHUCURI,RURAL,4
30/05/2013,19,CAUCA,19780,SUAREZ,RURAL,4
31/05/2013,76,VALLE DEL CAUCA,76497,OBANDO,RURAL,4
06/06/2013,50,META,50001,VILLAVICENCIO,URBANA,4
23/06/2013,05,ANTIOQUIA,05854,VALDIVIA,RURAL,4
29/06/2013,76,VALLE DEL CAUCA,76100,BOLIVAR,RURAL,6
14/07/2013,05,ANTIOQUIA,05001,MEDELLIN,URBANA,4
03/10/2013,23,CÓRDOBA,23678,SAN CARLOS,RURAL,4
08/11/2013,76,VALLE DEL CAUCA,76001,CALI,URBANA,8
09/11/2013,15,BOYACÁ,15531,PAUNA,URBANA,4
10/11/2013,11,BOGOTÁ D.C.,11001,"BOGOTA, D.C.",URBANA,4
04/12/2013,47,MAGDALENA,47001,SANTA MARTA,URBANA,4
11/01/2014,05,ANTIOQUIA,05541,PEÑOL,RURAL,4
25/02/2014,27,CHOCÓ,27001,QUIBDO,URBANA,4
28/02/2014,05,ANTIOQUIA,05885,YALI,RURAL,4
05/03/2014,47,MAGDALENA,47001,SANTA MARTA,URBANA,5
22/03/2014,05,ANTIOQUIA,05001,MEDELLIN,URBANA,4
24/05/2014,52,NARIÑO,52560,POTOSI,RURAL,4
23/06/2014,85,CASANARE,85125,HATO COROZAL,RURAL,4
03/10/2014,76,VALLE DEL CAUCA,76001,CALI,RURAL,8
12/12/2014,05,ANTIOQUIA,05031,AMALFI,RURAL,7
04/02/2015,18,CAQUETÁ,18001,FLORENCIA,RURAL,4
27/02/2015,05,ANTIOQUIA,05604,REMEDIOS,RURAL,4
13/03/2015,41,HUILA,41396,LA PLATA,RURAL,4
26/04/2015,41,HUILA,41132,CAMPOALEGRE,URBANA,4
30/04/2015,66,RISARALDA,66318,GUATICA,RURAL,4
09/05/2015,19,CAUCA,19110,BUENOS AIRES,RURAL,4
12/06/2015,05,ANTIOQUIA,05679,SANTA BARBARA,RURAL,4
07/09/2015,85,CASANARE,85230,OROCUE,RURAL,4
16/10/2015,05,ANTIOQUIA,05854,VALDIVIA,RURAL,5
22/10/2015,13,BOLÍVAR,13810,TIQUISIO,RURAL,4
25/10/2015,44,LA GUAJIRA,44001,RIOHACHA,URBANA,5
12/12/2015,66,RISARALDA,66001,PEREIRA,RURAL,4
18/12/2015,11,BOGOTÁ D.C.,11001,"BOGOTA, D.C.",URBANA,4
17/01/2016,11,BOGOTÁ D.C.,11001,"BOGOTA, D.C.",URBANA,5
23/02/2016,05,ANTIOQUIA,05736,SEGOVIA,URBANA,4
18/03/2016,54,NORTE DE SANTANDER,54001,CUCUTA,URBANA,4
22/04/2016,41,HUILA,41016,AIPE,RURAL,4
01/05/2016,52,NARIÑO,52678,SAMANIEGO,RURAL,4
09/10/2016,05,ANTIOQUIA,05001,MEDELLIN,URBANA,5
04/11/2016,54,NORTE DE SANTANDER,54874,VILLA DEL ROSARIO,URBANA,4
08/12/2016,54,NORTE DE SANTANDER,54810,TIBU,RURAL,4
11/12/2016,50,META,50573,PUERTO LOPEZ,URBANA,4
12/02/2017,54,NORTE DE SANTANDER,54001,CUCUTA,URBANA,4
18/02/2017,63,QUINDÍO,63130,CALARCA,URBANA,4
05/03/2017,11,BOGOTÁ D.C.,11001,"BOGOTA, D.C.",URBANA,4
05/03/2017,20,CESAR,20250,EL PASO,RURAL,4
25/03/2017,27,CHOCÓ,27250,EL LITORAL DEL SAN JUAN,RURAL,4
02/04/2017,19,CAUCA,19397,LA VEGA,RURAL,4
16/04/2017,52,NARIÑO,52835,SAN ANDRES DE TUMACO,RURAL,4
13/08/2017,44,LA GUAJIRA,44430,MAICAO,URBANA,5
05/10/2017,52,NARIÑO,52835,SAN ANDRES DE TUMACO,RURAL,6
07/10/2017,05,ANTIOQUIA,05154,CAUCASIA,URBANA,5
27/11/2017,50,META,50006,ACACIAS,RURAL,5
27/11/2017,52,NARIÑO,52427,MAGUI,RURAL,6
08/12/2017,19,CAUCA,19780,SUAREZ,RURAL,6
04/01/2018,19,CAUCA,19100,BOLIVAR,RURAL,6
19/01/2018,54,NORTE DE SANTANDER,54874,VILLA DEL ROSARIO,URBANA,4
21/01/2018,05,ANTIOQUIA,05887,YARUMAL,RURAL,7
01/03/2018,05,ANTIOQUIA,05858,VEGACHI,RURAL,5
05/04/2018,17,CALDAS,17001,MANIZALES,RURAL,4
12/04/2018,05,ANTIOQUIA,05790,TARAZA,RURAL,5
04/05/2018,05,ANTIOQUIA,05154,CAUCASIA,URBANA,4
21/06/2018,18,CAQUETÁ,18410,LA MONTAÑITA,RURAL,5
03/07/2018,19,CAUCA,19050,ARGELIA,RURAL,7
30/07/2018,54,NORTE DE SANTANDER,54250,EL TARRA,URBANA,10
26/08/2018,76,VALLE DEL CAUCA,76001,CALI,URBANA,4
29/10/2018,19,CAUCA,19418,LOPEZ,RURAL,5
27/12/2018,05,ANTIOQUIA,05001,MEDELLIN,URBANA,4
11/01/2019,76,VALLE DEL CAUCA,76364,JAMUNDI,RURAL,4
17/01/2019,11,BOGOTÁ D.C.,11001,"BOGOTA, D.C.",URBANA,22
26/01/2019,08,ATLÁNTICO,08001,BARRANQUILLA,URBANA,5
02/02/2019,08,ATLÁNTICO,08001,BARRANQUILLA,URBANA,4
16/02/2019,20,CESAR,20011,AGUACHICA,URBANA,4
16/02/2019,54,NORTE DE SANTANDER,54001,CUCUTA,URBANA,5
04/03/2019,19,CAUCA,19455,MIRANDA,URBANA,4
29/04/2019,23,CÓRDOBA,23001,MONTERIA,URBANA,4
14/05/2019,05,ANTIOQUIA,05001,MEDELLIN,RURAL,4
02/06/2019,05,ANTIOQUIA,05120,CACERES,RURAL,4
16/07/2019,66,RISARALDA,66045,APIA,RURAL,4
13/08/2019,05,ANTIOQUIA,05604,REMEDIOS,RURAL,4
21/08/2019,17,CALDAS,17001,MANIZALES,RURAL,5
24/08/2019,05,ANTIOQUIA,05736,SEGOVIA,RURAL,4
01/09/2019,19,CAUCA,19780,SUAREZ,RURAL,6
03/09/2019,05,ANTIOQUIA,05154,CAUCASIA,RURAL,4
07/10/2019,52,NARIÑO,52835,SAN ANDRES DE TUMACO,RURAL,5
18/10/2019,76,VALLE DEL CAUCA,76364,JAMUNDI,RURAL,4
29/10/2019,19,CAUCA,19821,TORIBIO,RURAL,5
31/10/2019,19,CAUCA,19212,CORINTO,RURAL,4
19/12/2019,05,ANTIOQUIA,05686,SANTA ROSA DE OSOS,URBANA,5
20/12/2019,05,ANTIOQUIA,05861,VENECIA,RURAL,4
16/01/2020,05,ANTIOQUIA,05790,TARAZA,RURAL,5
16/01/2020,76,VALLE DEL CAUCA,76364,JAMUNDI,RURAL,5
13/02/2020,05,ANTIOQUIA,05120,CACERES,RURAL,4
15/02/2020,05,ANTIOQUIA,05001,MEDELLIN,URBANA,4
26/02/2020,05,ANTIOQUIA,05642,SALGAR,RURAL,4
17/04/2020,52,NARIÑO,52835,SAN ANDRES DE TUMACO,RURAL,5
29/04/2020,19,CAUCA,19450,MERCADERES,RURAL,4
13/06/2020,52,NARIÑO,52678,SAMANIEGO,RURAL,4
15/06/2020,05,ANTIOQUIA,05101,CIUDAD BOLIVAR,RURAL,4
19/07/2020,54,NORTE DE SANTANDER,54810,TIBU,RURAL,6
29/07/2020,54,NORTE DE SANTANDER,54001,CUCUTA,RURAL,4
02/08/2020,25,CUNDINAMARCA,25320,GUADUAS,RURAL,4
11/08/2020,76,VALLE DEL CAUCA,76001,CALI,RURAL,5
15/08/2020,52,NARIÑO,52678,SAMANIEGO,RURAL,8
19/08/2020,81,ARAUCA,81001,ARAUCA,RURAL,5
21/08/2020,19,CAUCA,19256,EL TAMBO,RURAL,6
21/08/2020,52,NARIÑO,52835,SAN ANDRES DE TUMACO,RURAL,6
04/09/2020,52,NARIÑO,52110,BUESACO,RURAL,4
06/09/2020,15,BOYACÁ,15001,TUNJA,URBANA,4
07/09/2020,05,ANTIOQUIA,05895,ZARAGOZA,RURAL,7
07/09/2020,13,BOLÍVAR,13244,EL CARMEN DE BOLIVAR,URBANA,4
19/09/2020,52,NARIÑO,52473,MOSQUERA,RURAL,4
20/09/2020,19,CAUCA,19110,BUENOS AIRES,RURAL,6
09/10/2020,76,VALLE DEL CAUCA,76364,JAMUNDI,RURAL,4
24/10/2020,70,SUCRE,70708,SAN MARCOS,RURAL,5
03/11/2020,05,ANTIOQUIA,05495,NECHI,RURAL,5
21/11/2020,19,CAUCA,19050,ARGELIA,RURAL,5
22/11/2020,05,ANTIOQUIA,05091,BETANIA,RURAL,10
05/12/2020,19,CAUCA,19698,SANTANDER DE QUILICHAO,RURAL,4
11/12/2020,05,ANTIOQUIA,05250,EL BAGRE,RURAL,4
13/12/2020,05,ANTIOQUIA,05154,CAUCASIA,RURAL,4
13/12/2020,44,LA GUAJIRA,44430,MAICAO,URBANA,4
16/12/2020,63,QUINDÍO,63001,ARMENIA,URBANA,5
10/01/2021,18,CAQUETÁ,18001,FLORENCIA,RURAL,4
18/01/2021,05,ANTIOQUIA,05790,TARAZA,URBANA,4
24/01/2021,76,VALLE DEL CAUCA,76111,GUADALAJARA DE BUGA,RURAL,5
28/01/2021,52,NARIÑO,52540,POLICARPA,RURAL,4
30/01/2021,52,NARIÑO,52621,ROBERTO PAYAN,RURAL,5
16/02/2021,05,ANTIOQUIA,05034,ANDES,RURAL,5
21/02/2021,52,NARIÑO,52835,SAN ANDRES DE TUMACO,RURAL,4
06/03/2021,54,NORTE DE SANTANDER,54003,ABREGO,RURAL,5
27/03/2021,76,VALLE DEL CAUCA,76147,CARTAGO,URBANA,4
04/04/2021,63,QUINDÍO,63190,CIRCASIA,URBANA,4
07/04/2021,19,CAUCA,19698,SANTANDER DE QUILICHAO,RURAL,4
25/04/2021,05,ANTIOQUIA,05034,ANDES,RURAL,5
03/05/2021,76,VALLE DEL CAUCA,76606,RESTREPO,RURAL,6
22/05/2021,19,CAUCA,19256,EL TAMBO,RURAL,4
24/05/2021,76,VALLE DEL CAUCA,76834,TULUA,RURAL,4
31/05/2021,41,HUILA,41020,ALGECIRAS,RURAL,9
26/06/2021,50,META,50350,LA MACARENA,RURAL,5
03/07/2021,50,META,50330,MESETAS,RURAL,4
08/07/2021,73,TOLIMA,73030,AMBALEMA,RURAL,4
11/07/2021,81,ARAUCA,81220,CRAVO NORTE,RURAL,4
18/07/2021,05,ANTIOQUIA,05890,YOLOMBO,RURAL,4
06/08/2021,25,CUNDINAMARCA,25754,SOACHA,URBANA,4
09/08/2021,52,NARIÑO,52835,SAN ANDRES DE TUMACO,RURAL,8
20/09/2021,52,NARIÑO,52079,BARBACOAS,RURAL,4
26/09/2021,52,NARIÑO,52835,SAN ANDRES DE TUMACO,RURAL,7
02/10/2021,05,ANTIOQUIA,05040,ANORI,RURAL,4
16/10/2021,05,ANTIOQUIA,05091,BETANIA,RURAL,5
19/10/2021,05,ANTIOQUIA,05667,SAN RAFAEL,URBANA,4
12/12/2021,52,NARIÑO,52435,MALLAMA,RURAL,4
25/12/2021,86,PUTUMAYO,86573,LEGUIZAMO,RURAL,7
02/01/2022,81,ARAUCA,81300,FORTUL,RURAL,4
17/01/2022,05,ANTIOQUIA,05690,SANTO DOMINGO,RURAL,4
10/02/2022,81,ARAUCA,81065,ARAUQUITA,URBANA,4
25/03/2022,76,VALLE DEL CAUCA,76243,EL AGUILA,RURAL,4
17/04/2022,81,ARAUCA,81794,TAME,RURAL,4
24/04/2022,76,VALLE DEL CAUCA,76147,CARTAGO,URBANA,5
24/05/2022,73,TOLIMA,73168,CHAPARRAL,RURAL,4
10/06/2022,18,CAQUETÁ,18150,CARTAGENA DEL CHAIRA,RURAL,4
10/06/2022,52,NARIÑO,52835,SAN ANDRES DE TUMACO,RURAL,4
31/07/2022,52,NARIÑO,52079,BARBACOAS,RURAL,4
31/07/2022,76,VALLE DEL CAUCA,76400,LA UNION,URBANA,5
06/08/2022,19,CAUCA,19473,MORALES,RURAL,4
18/08/2022,11,BOGOTÁ D.C.,11001,"BOGOTA, D.C.",URBANA,4
21/08/2022,18,CAQUETÁ,18256,EL PAUJIL,RURAL,5
27/08/2022,54,NORTE DE SANTANDER,54001,CUCUTA,URBANA,4
05/09/2022,11,BOGOTÁ D.C.,11001,"BOGOTA, D.C.",URBANA,4
11/09/2022,68,SANTANDER,68385,LANDAZURI,RURAL,8
12/09/2022,08,ATLÁNTICO,08001,BARRANQUILLA,URBANA,6
19/09/2022,50,META,50577,PUERTO LLERAS,RURAL,4
04/10/2022,76,VALLE DEL CAUCA,76001,CALI,URBANA,5
30/10/2022,76,VALLE DEL CAUCA,76147,CARTAGO,RURAL,4
19/11/2022,86,PUTUMAYO,86571,PUERTO GUZMAN,RURAL,18
21/11/2022,86,PUTUMAYO,86568,PUERTO ASIS,RURAL,4
26/11/2022,91,AMAZONAS,91001,LETICIA,URBANA,4
13/12/2022,86,PUTUMAYO,86320,ORITO,URBANA,5
01/01/2023,20,CESAR,20614,RIO DE ORO,RURAL,4
29/01/2023,08,ATLÁNTICO,08001,BARRANQUILLA,URBANA,4
30/01/2023,05,ANTIOQUIA,05134,CAMPAMENTO,RURAL,4
03/02/2023,47,MAGDALENA,47189,CIENAGA,RURAL,4
21/02/2023,54,NORTE DE SANTANDER,54405,LOS PATIOS,URBANA,4
25/02/2023,76,VALLE DEL CAUCA,76147,CARTAGO,URBANA,4
19/03/2023,08,ATLÁNTICO,08001,BARRANQUILLA,URBANA,5
23/03/2023,52,NARIÑO,52256,EL ROSARIO,RURAL,4
